Date,Total,Seoul,Busan,Daegu,Incheon,Gwangju,Daejeon,Ulsan,Sejong,Gyeonggi,Gangwon,Chungbuk,Chungnam,Jeonbuk,Jeonnam,Gyeongbuk,Gyeongnam,Jeju,Other
20-01-20,1,0,0,0,1,0,0,0,0,0,0,0,0,0,0,0,0,0,0
20-01-21,0,0,0,0,0,0,0,0,0,0,0,0,0,0,0,0,0,0,0
20-01-22,0,0,0,0,0,0,0,0,0,0,0,0,0,0,0,0,0,0,0
20-01-23,0,0,0,0,0,0,0,0,0,0,0,0,0,0,0,0,0,0,0
20-01-24,1,1,0,0,0,0,0,0,0,0,0,0,0,0,0,0,0,0,0
20-01-25,0,0,0,0,0,0,0,0,0,0,0,0,0,0,0,0,0,0,0
20-01-26,1,0,0,0,0,0,0,0,0,1,0,0,0,0,0,0,0,0,0
20-01-27,1,0,0,0,0,0,0,0,0,1,0,0,0,0,0,0,0,0,0
20-01-28,0,0,0,0,0,0,0,0,0,0,0,0,0,0,0,0,0,0,0
20-01-29,0,0,0,0,0,0,0,0,0,0,0,0,0,0,0,0,0,0,0
20-01-30,3,3,0,0,0,0,0,0,0,0,0,0,0,0,0,0,0,0,0
20-01-31,4,3,0,0,0,0,0,0,0,0,0,0,0,1,0,0,0,0,0
20-02-01,1,0,0,0,0,0,0,0,0,1,0,0,0,0,0,0,0,0,0
20-02-02,3,1,0,0,0,0,0,0,0,2,0,0,0,0,0,0,0,0,0
20-02-03,0,0,0,0,0,0,0,0,0,0,0,0,0,0,0,0,0,0,0
20-02-04,1,0,0,0,0,1,0,0,0,0,0,0,0,0,0,0,0,0,0
20-02-05,5,2,0,0,0,1,0,0,0,2,0,0,0,0,0,0,0,0,0
20-02-06,3,2,0,0,0,0,0,0,0,0,0,0,0,0,1,0,0,0,0
20-02-07,0,0,0,0,0,0,0,0,0,0,0,0,0,0,0,0,0,0,0
20-02-08,0,0,0,0,0,0,0,0,0,0,0,0,0,0,0,0,0,0,0
20-02-09,3,0,0,0,0,0,0,0,0,3,0,0,0,0,0,0,0,0,0
20-02-10,1,0,0,0,0,0,0,0,0,1,0,0,0,0,0,0,0,0,0
20-02-11,0,0,0,0,0,0,0,0,0,0,0,0,0,0,0,0,0,0,0
20-02-12,0,0,0,0,0,0,0,0,0,0,0,0,0,0,0,0,0,0,0
20-02-13,0,0,0,0,0,0,0,0,0,0,0,0,0,0,0,0,0,0,0
20-02-14,0,0,0,0,0,0,0,0,0,0,0,0,0,0,0,0,0,0,0
20-02-15,0,0,0,0,0,0,0,0,0,0,0,0,0,0,0,0,0,0,0
20-02-16,2,2,0,0,0,0,0,0,0,0,0,0,0,0,0,0,0,0,0
20-02-17,0,0,0,0,0,0,0,0,0,0,0,0,0,0,0,0,0,0,0
20-02-18,2,0,0,1,0,0,0,0,0,1,0,0,0,0,0,0,0,0,0
20-02-19,34,2,0,27,0,0,0,0,0,0,0,0,0,0,0,5,0,0,0
20-02-20,16,0,0,12,0,0,0,0,0,0,0,0,0,0,0,4,0,0,0
20-02-21,74,5,0,44,0,1,0,0,0,1,0,1,1,1,0,17,2,1,0
20-02-22,190,2,2,67,0,3,1,0,1,2,0,2,0,1,0,106,2,1,0
20-02-23,210,3,7,136,1,1,1,1,0,8,6,0,0,0,0,39,7,0,0
20-02-24,207,4,8,152,0,2,1,0,0,12,0,0,0,0,0,19,9,0,0
20-02-25,130,7,18,54,0,0,0,1,0,5,0,0,0,0,0,44,1,0,0
20-02-26,253,8,13,184,1,0,0,1,0,3,0,2,1,0,0,36,4,0,0
20-02-27,449,10,8,340,0,0,5,3,0,12,0,2,5,0,0,53,11,0,0
20-02-28,427,7,5,296,1,0,4,5,0,11,0,3,9,2,0,74,10,0,0
20-02-29,909,12,14,742,2,0,1,6,0,10,1,0,32,0,1,75,13,0,0
20-03-01,595,8,4,512,0,0,0,0,0,8,0,1,12,0,1,48,1,0,0
20-03-02,686,9,6,517,1,0,1,3,0,8,12,0,17,1,1,108,2,0,0
20-03-03,600,7,2,520,0,2,0,0,0,2,1,0,4,1,0,59,1,1,0
20-03-04,516,0,3,398,1,2,1,3,0,9,1,0,1,0,0,95,2,0,0
20-03-05,438,5,0,326,1,0,1,0,0,7,2,1,4,0,0,81,9,1,0
20-03-06,518,2,3,367,0,0,2,0,0,10,2,3,4,0,0,122,3,0,0
20-03-07,483,3,1,390,0,0,0,0,1,10,1,5,2,0,0,65,5,0,0
20-03-08,367,12,1,297,0,0,0,1,1,11,1,4,6,0,0,32,1,0,0
20-03-09,248,10,0,190,0,2,0,0,3,12,1,1,4,0,0,25,0,0,0
20-03-10,131,11,0,92,4,0,0,0,2,10,0,0,2,0,0,10,0,0,0
20-03-11,242,53,2,131,12,0,0,1,2,11,1,2,8,0,0,18,1,0,0
20-03-12,114,19,2,72,0,0,2,0,5,3,0,0,2,0,0,8,1,0,0
20-03-13,110,12,1,61,2,0,2,2,17,8,0,0,1,0,0,4,0,0,0
20-03-14,107,13,3,62,1,0,0,0,6,15,0,1,0,0,0,6,0,0,0
20-03-15,76,9,3,41,1,1,0,1,1,11,0,3,0,0,0,4,0,0,1
20-03-16,74,6,1,35,1,0,0,0,1,20,0,0,0,0,0,7,0,0,3
20-03-17,84,12,0,32,1,0,0,0,0,31,0,0,0,0,0,5,1,0,2
20-03-18,93,5,0,46,1,1,0,2,1,15,1,1,3,2,1,9,0,0,5
20-03-19,152,12,0,97,0,0,0,6,0,18,0,1,0,1,0,12,0,0,5
20-03-20,87,17,1,34,4,1,0,0,0,14,0,0,1,0,0,13,1,0,1
20-03-21,147,15,0,69,4,0,0,0,0,12,0,1,0,0,0,40,0,0,6
20-03-22,98,10,0,43,0,1,2,0,0,16,0,1,1,0,1,11,1,0,11
20-03-23,64,6,1,24,0,0,0,0,1,14,0,2,0,0,0,2,1,0,13
20-03-24,76,4,2,31,1,0,0,0,0,15,0,1,0,0,0,1,1,0,20
20-03-25,100,13,1,14,1,0,0,1,2,21,1,0,3,0,2,5,0,2,34
20-03-26,104,13,0,26,1,0,6,0,0,14,0,1,1,0,0,12,0,0,30
20-03-27,91,12,1,34,3,1,1,2,0,11,0,2,0,0,0,9,1,1,13
20-03-28,146,18,1,71,5,0,0,0,0,21,1,0,2,0,0,2,0,1,24
20-03-29,105,20,3,23,7,0,3,0,2,15,2,0,1,2,1,2,3,0,21
20-03-30,78,16,1,14,0,0,0,0,0,15,2,3,0,1,0,11,1,1,13
20-03-31,125,24,1,60,6,0,2,0,0,13,0,0,1,0,0,2,1,0,15
20-04-01,101,24,3,20,5,4,0,0,0,22,2,0,3,1,3,2,4,0,8
20-04-02,89,14,0,21,4,1,0,1,0,18,1,0,2,0,2,2,6,0,17
20-04-03,86,18,0,9,1,1,0,0,0,23,2,1,1,1,1,5,1,0,22
20-04-04,94,22,0,27,3,0,0,0,0,23,1,0,1,0,0,1,1,0,15
20-04-05,81,24,0,7,2,1,1,0,0,10,3,0,0,1,0,4,1,3,24
20-04-06,47,11,0,13,1,0,2,0,0,8,0,0,1,0,0,2,2,0,7
20-04-07,47,4,1,13,0,0,0,0,0,10,2,0,1,0,0,1,1,0,14
20-04-08,53,11,2,9,4,0,0,0,0,6,2,0,0,1,0,3,1,0,14
20-04-09,39,12,0,4,0,0,0,0,0,10,0,0,1,0,0,0,2,0,10
20-04-10,27,5,1,0,1,0,0,0,0,9,0,0,0,0,0,7,0,0,4
20-04-11,30,4,0,7,0,0,0,1,0,9,0,0,0,0,0,3,0,0,6
20-04-12,32,3,0,2,1,0,0,0,0,4,0,0,1,0,0,3,0,0,18
20-04-13,25,8,0,3,1,0,0,0,0,3,0,0,0,0,0,4,0,0,6
20-04-14,27,2,0,3,1,0,0,1,0,8,0,0,0,0,0,5,0,0,7
20-04-15,27,5,1,1,0,1,0,0,0,6,2,0,0,0,0,6,0,1,4
20-04-16,22,2,3,4,0,0,0,0,0,4,1,0,0,0,0,4,0,0,4
20-04-17,22,2,0,0,1,2,0,0,0,1,0,0,0,0,0,4,1,0,11
20-04-18,18,1,0,3,1,0,0,0,0,4,1,0,2,0,0,2,0,0,4
20-04-19,8,2,0,2,1,0,0,0,0,0,0,0,0,0,0,1,0,0,2
20-04-20,13,0,2,1,1,0,0,1,0,2,0,0,0,0,0,2,0,0,4
20-04-21,9,2,0,2,0,0,0,0,0,2,0,0,0,0,0,0,0,0,3
20-04-22,11,2,2,1,0,0,1,0,0,0,0,0,0,0,0,2,1,0,2
20-04-23,8,0,1,4,0,0,0,0,0,1,0,0,0,0,0,0,0,0,2
20-04-24,6,0,1,3,0,0,0,0,0,1,0,0,0,0,0,0,0,0,1
20-04-25,10,1,0,2,0,0,0,0,0,2,0,0,0,0,0,1,0,0,4
20-04-26,10,0,1,1,0,0,0,0,0,6,0,0,0,1,0,0,0,0,1
20-04-27,10,0,0,1,0,0,0,0,0,3,0,0,1,0,0,0,0,0,5
20-04-28,14,4,0,2,1,0,0,0,0,3,0,0,0,0,0,1,0,0,3
20-04-29,9,0,0,3,0,0,0,0,0,2,0,0,1,0,0,0,0,0,3
20-04-30,4,0,0,0,0,0,0,0,0,0,0,0,0,0,0,0,0,0,4
20-05-01,9,1,0,0,1,0,0,0,0,2,0,0,0,0,0,1,0,0,4
20-05-02,6,1,1,0,1,0,0,0,0,0,0,0,0,0,0,0,0,0,3
20-05-03,13,2,0,4,0,0,0,0,0,2,0,0,0,0,0,0,0,0,5
20-05-04,8,0,0,0,1,0,0,1,0,1,0,0,0,0,1,0,0,0,4
20-05-05,3,0,0,0,1,0,0,0,0,0,0,0,0,0,0,0,0,0,2
20-05-06,2,0,0,0,0,0,0,0,0,0,0,0,0,0,0,0,0,0,2
20-05-07,4,0,0,0,0,0,1,0,0,1,0,1,0,0,0,0,0,0,1
20-05-08,12,0,2,3,0,0,0,0,0,2,0,1,0,1,0,0,0,0,3
20-05-09,18,12,1,0,1,0,0,0,0,4,0,0,0,0,0,0,0,0,0
20-05-10,34,14,0,2,3,0,0,0,0,6,0,2,0,0,0,0,0,1,6
20-05-11,35,21,0,0,3,0,0,0,1,3,1,3,0,0,0,0,0,0,3
20-05-12,27,12,0,1,1,0,2,0,0,8,0,0,0,0,0,1,1,0,1
20-05-13,26,11,3,3,2,0,0,1,0,3,0,0,0,1,0,0,1,0,1
20-05-14,29,4,0,0,12,0,0,0,0,6,1,3,1,0,1,1,0,0,0
20-05-15,27,14,0,3,5,0,0,0,0,3,0,0,0,0,1,0,0,0,1
20-05-16,19,5,0,1,0,0,0,0,0,4,0,1,0,0,0,0,0,0,8
20-05-17,13,5,0,1,0,0,1,0,0,0,0,0,0,0,0,0,2,0,4
20-05-18,15,1,0,1,0,0,0,0,0,3,0,3,0,0,0,0,0,0,7
20-05-19,13,6,0,0,2,0,0,4,0,1,0,0,0,0,0,0,0,0,0
20-05-20,32,10,0,1,8,0,0,0,0,10,0,0,0,1,0,0,0,0,2
20-05-21,12,4,0,0,6,0,0,0,0,0,0,0,1,0,0,0,0,0,1
20-05-22,20,2,0,0,1,0,0,1,0,6,0,0,0,0,0,2,1,0,7
20-05-23,23,4,0,1,0,0,1,0,0,13,0,0,0,0,0,0,1,0,3
20-05-24,25,6,0,0,2,0,0,0,0,6,1,0,0,0,0,6,0,0,4
20-05-25,16,6,0,1,1,0,0,0,0,6,0,0,0,0,0,1,0,0,1
20-05-26,19,9,0,1,3,0,0,0,0,2,0,1,0,0,0,1,0,0,2
20-05-27,40,19,0,3,11,0,0,0,0,6,0,0,0,0,0,0,0,0,1
20-05-28,79,24,1,2,22,0,0,0,0,21,0,0,1,0,0,1,0,0,7
20-05-29,58,20,0,0,18,0,0,0,0,20,0,0,0,0,0,0,0,0,0
20-05-30,39,9,1,2,5,2,0,0,0,13,1,0,0,0,1,0,0,0,5
20-05-31,27,6,1,1,3,0,1,2,0,12,0,0,0,0,0,0,0,1,0
20-06-01,35,1,0,1,18,0,0,0,0,12,0,0,0,0,1,0,0,0,2
20-06-02,38,14,0,0,9,0,0,0,0,14,0,0,0,0,0,0,0,0,1
20-06-03,49,19,0,1,16,0,0,0,0,13,0,0,0,0,0,0,0,0,0
20-06-04,39,14,0,0,7,0,0,0,0,15,0,0,0,0,0,1,0,0,2
20-06-05,39,15,0,1,6,0,0,0,0,13,0,0,1,0,0,2,0,0,1
20-06-06,51,23,0,0,11,0,0,0,0,8,1,0,1,0,0,1,1,0,5
20-06-07,57,27,0,1,6,0,0,1,0,19,0,1,0,0,0,0,0,0,2
20-06-08,37,21,0,1,4,0,0,0,0,8,0,0,0,0,0,0,0,0,3
20-06-09,38,19,0,0,3,0,0,0,0,13,0,0,2,0,0,0,1,0,0
20-06-10,50,12,0,0,8,0,0,0,0,21,1,0,0,0,0,0,2,0,6
20-06-11,45,21,0,0,6,0,0,0,0,16,0,0,0,0,0,0,0,0,2
20-06-12,56,25,0,1,1,0,0,0,0,19,0,0,0,0,0,0,0,0,10
20-06-13,48,29,0,3,1,0,0,0,0,14,0,0,0,0,0,0,0,0,1
20-06-14,34,12,0,2,8,0,0,0,0,10,1,0,0,0,0,0,0,0,1
20-06-15,37,7,0,0,8,0,0,0,0,10,0,0,2,0,0,0,3,0,7
20-06-16,34,12,1,0,2,0,3,0,0,5,0,0,0,0,0,0,2,0,9
20-06-17,43,13,0,1,2,0,5,0,0,13,0,0,1,0,0,0,0,1,7
20-06-18,59,25,0,1,1,0,7,0,1,16,0,0,3,1,0,0,0,0,4
20-06-19,49,18,0,0,0,0,6,0,0,11,0,0,0,0,0,0,0,3,11
20-06-20,67,14,2,2,5,0,5,0,0,17,0,0,2,1,0,1,0,0,18
20-06-21,48,17,0,1,0,1,10,0,1,10,2,0,1,0,0,0,1,0,4
20-06-22,17,5,0,1,1,0,0,0,0,6,0,0,2,1,0,1,0,0,0
20-06-23,46,6,0,1,1,0,4,0,0,7,0,1,0,0,0,0,0,0,26
20-06-24,51,11,2,2,3,0,8,2,0,7,1,0,1,1,0,1,0,0,12
20-06-25,28,9,0,0,1,0,4,0,0,9,0,0,1,0,0,0,0,0,4
20-06-26,39,17,0,0,2,0,4,0,0,4,1,0,3,0,0,1,0,0,7
20-06-27,51,17,0,1,1,0,2,0,0,17,0,1,0,1,0,0,0,0,11
20-06-28,62,14,0,0,0,4,6,0,0,17,0,1,1,0,3,0,0,0,16
20-06-29,42,7,1,2,1,4,2,0,0,16,0,0,0,1,1,1,1,0,5
20-06-30,42,7,1,0,3,3,5,0,1,7,1,0,0,0,0,1,0,0,13
20-07-01,51,9,0,1,2,12,4,0,0,16,0,0,1,0,1,0,0,0,5
20-07-02,54,13,0,3,0,22,1,0,0,10,0,0,3,0,0,0,0,0,2
20-07-03,61,12,0,11,1,6,4,0,0,18,0,0,1,1,0,1,2,0,4
20-07-04,63,7,1,1,2,8,3,0,0,19,0,2,0,0,0,1,1,0,18
20-07-05,61,16,0,0,0,16,8,0,0,8,1,0,0,1,0,1,0,1,9
20-07-06,48,3,1,2,6,7,2,0,0,6,1,0,1,0,2,1,1,0,15
20-07-07,44,3,0,1,2,6,2,0,0,13,0,0,0,1,0,0,0,0,16
20-07-08,62,10,0,1,1,8,2,0,0,18,0,0,6,2,1,0,2,0,11
20-07-09,50,8,0,0,3,15,6,0,0,8,0,0,1,1,1,0,2,0,5
20-07-10,45,8,0,0,1,3,7,0,0,14,0,2,0,0,3,0,3,0,4
20-07-11,35,8,0,0,1,9,2,0,0,4,0,0,1,2,0,0,0,0,8
20-07-12,44,7,0,0,0,5,1,0,0,17,0,0,0,1,0,0,1,0,12
20-07-13,62,13,0,1,3,7,0,0,0,11,2,1,4,0,0,0,2,0,18
20-07-14,33,7,0,0,0,1,1,0,0,9,0,1,0,2,0,0,0,0,12
20-07-15,39,6,0,0,1,1,3,0,0,5,0,0,0,0,0,0,0,0,23
20-07-16,61,7,0,2,3,1,1,1,0,21,3,1,0,0,0,0,1,0,20
20-07-17,60,9,0,0,0,5,1,0,0,15,0,0,0,0,0,0,2,3,25
20-07-18,39,6,1,3,2,0,0,1,0,10,0,0,0,0,1,0,2,1,12
20-07-19,34,10,0,0,1,10,1,0,0,4,0,0,0,0,0,0,0,1,7
20-07-20,26,3,0,2,2,1,0,0,0,1,0,0,1,1,2,1,2,0,10
20-07-21,45,21,0,2,0,0,0,0,0,2,0,0,0,0,0,1,0,1,18
20-07-22,63,16,0,1,5,4,0,0,0,15,0,1,1,0,0,0,1,0,19
20-07-23,59,12,2,0,3,9,0,0,0,28,0,0,0,0,0,0,0,0,5
20-07-24,41,21,2,2,0,2,0,0,0,8,0,0,0,0,0,1,2,0,3
20-07-25,113,11,5,0,0,0,0,1,0,14,0,0,0,0,1,0,0,0,81
20-07-26,58,7,1,0,0,1,0,0,0,7,0,0,0,0,0,0,0,0,42
20-07-27,25,9,1,0,0,0,0,0,0,6,0,1,1,0,0,0,0,0,7
20-07-28,28,6,2,0,0,0,0,0,0,6,0,0,1,0,2,1,0,0,10
20-07-29,48,9,1,0,3,1,0,1,0,11,0,0,0,0,0,1,0,0,21
20-07-30,18,3,0,0,0,0,0,0,0,5,0,0,0,0,0,1,1,0,8
20-07-31,36,8,0,1,0,0,0,0,0,10,2,0,1,0,0,2,0,0,12
20-08-01,31,2,1,0,1,0,0,0,0,7,0,0,0,0,0,1,0,0,19
20-08-02,30,5,1,2,0,1,0,0,0,3,0,0,0,0,0,1,0,0,17
20-08-03,23,5,0,0,0,0,0,0,0,1,0,0,0,0,0,1,2,0,14
20-08-04,34,9,1,0,1,2,0,0,0,11,0,1,0,0,1,1,0,0,7
20-08-05,33,6,0,1,1,1,0,0,0,7,1,6,0,0,0,0,4,0,6
20-08-06,43,9,3,0,0,0,0,0,0,13,2,1,2,0,2,4,1,0,6
20-08-07,20,9,0,0,0,0,0,0,0,5,0,0,0,0,0,1,0,0,5
20-08-08,43,17,0,1,2,0,0,0,0,18,0,0,0,0,0,0,0,0,5
20-08-09,36,13,0,1,1,2,0,1,0,15,0,1,1,0,0,0,0,0,1
20-08-10,28,13,1,0,0,0,0,0,0,6,0,0,0,0,1,1,0,0,6
20-08-11,34,6,9,0,0,0,0,0,0,13,0,0,2,1,0,0,0,0,3
20-08-12,54,15,4,0,0,6,1,0,0,19,0,0,1,0,0,0,0,0,8
20-08-13,56,26,2,1,0,2,0,1,0,17,0,0,1,2,0,0,1,0,3
20-08-14,103,32,5,0,4,2,0,1,0,47,1,0,3,0,0,1,0,0,7
20-08-15,166,74,3,0,6,1,1,0,0,72,3,0,2,1,0,0,1,0,2
20-08-16,279,146,7,1,9,7,0,3,0,98,0,1,5,0,0,0,2,0,0
20-08-17,197,90,7,1,7,7,2,0,0,70,1,3,4,1,0,2,0,0,2
20-08-18,246,132,7,6,18,4,0,3,0,52,2,1,5,7,0,3,0,0,6
20-08-19,297,151,9,2,8,6,0,0,2,99,6,2,3,1,2,3,1,0,2
20-08-20,288,135,15,3,10,1,8,0,1,85,5,1,5,6,3,5,3,0,2
20-08-21,324,126,8,4,18,5,7,1,3,103,9,3,13,5,6,6,4,0,3
20-08-22,332,129,3,9,21,11,5,3,1,95,16,2,7,4,7,4,9,2,4
20-08-23,396,140,2,6,32,17,15,3,0,124,15,3,10,0,14,2,9,0,4
20-08-24,266,97,3,0,20,1,10,1,3,85,6,10,8,4,7,6,1,0,4
20-08-25,280,135,3,5,14,4,11,0,3,72,8,2,9,4,1,1,2,3,3
20-08-26,320,111,4,3,27,7,7,2,0,99,18,0,12,7,13,0,5,2,3
20-08-27,441,154,8,13,59,39,3,2,0,102,14,1,15,2,13,4,8,1,3
20-08-28,371,146,8,8,27,17,3,1,2,113,3,5,9,2,12,1,4,2,8
20-08-29,323,125,6,6,20,16,4,0,0,104,0,6,8,0,9,1,12,1,5
20-08-30,299,116,6,30,13,2,6,3,1,80,2,5,8,0,8,3,7,2,7
20-08-31,248,94,4,4,14,9,7,5,1,79,3,1,9,1,5,2,1,6,3
20-09-01,235,94,3,2,22,4,8,6,0,63,4,1,7,0,4,9,3,1,4
20-09-02,267,101,7,13,11,10,14,5,0,84,2,1,7,0,3,4,1,1,3
20-09-03,195,69,4,3,16,6,4,8,0,64,4,1,7,0,6,0,0,0,3
20-09-04,198,68,4,7,5,11,4,3,0,56,3,4,21,0,1,4,3,0,4
20-09-05,168,51,10,5,14,8,2,1,0,50,3,4,4,2,0,1,8,1,4
20-09-06,167,63,2,5,12,7,5,1,0,47,5,2,2,1,3,2,6,0,4
20-09-07,119,48,9,2,1,9,5,3,0,31,0,0,3,1,0,0,3,0,4
20-09-08,136,67,1,2,2,13,4,3,1,31,0,1,0,3,1,3,0,0,4
20-09-09,156,49,2,2,1,17,8,4,2,55,0,1,8,1,1,0,1,0,4
20-09-10,155,48,1,1,5,5,11,4,0,50,2,3,12,1,2,3,1,2,4
20-09-11,176,63,3,1,8,8,11,5,0,47,0,1,14,0,2,2,0,2,9
20-09-12,136,50,4,4,8,3,7,1,0,32,3,0,6,1,1,2,3,1,10
20-09-13,121,31,3,14,3,3,2,7,0,32,1,0,11,2,0,2,3,0,7
20-09-14,109,41,3,4,10,3,1,1,0,30,0,0,8,1,0,1,1,0,5
20-09-15,106,32,4,0,9,1,3,0,0,39,1,2,3,1,0,1,2,3,5
20-09-16,113,51,4,4,9,2,1,0,0,26,0,2,2,5,0,2,3,0,2
20-09-17,153,64,2,2,7,1,1,0,0,54,0,0,10,0,1,6,3,0,2
20-09-18,126,46,2,2,6,0,3,0,0,37,0,3,6,8,0,5,4,2,2
20-09-19,110,40,2,2,11,0,2,0,0,41,0,1,4,1,0,4,1,0,1
20-09-20,82,28,6,2,3,0,2,1,0,26,0,1,1,0,0,5,1,0,6
20-09-21,70,23,8,1,2,1,2,0,0,18,0,2,0,0,0,1,2,0,10
20-09-22,61,21,5,0,2,0,0,1,1,20,2,2,0,0,0,4,1,0,2
20-09-23,110,40,7,3,5,2,0,2,0,30,1,2,5,1,0,6,0,0,6
20-09-24,125,39,7,1,10,0,1,0,3,48,2,2,1,1,1,2,1,1,5
20-09-25,114,57,3,0,3,2,0,0,1,27,1,3,1,3,0,6,1,0,6
20-09-26,61,26,2,1,1,0,1,0,0,14,0,0,0,3,0,3,1,0,9
20-09-27,95,34,3,0,9,2,0,0,1,21,0,2,2,2,1,6,1,0,11
20-09-28,50,19,1,0,1,0,0,1,0,14,1,1,0,0,0,4,1,0,7
20-09-29,38,11,3,0,0,0,0,0,0,10,0,1,2,0,0,2,0,0,9
20-09-30,113,51,5,2,4,3,2,1,0,26,0,0,5,3,0,6,0,0,5
20-10-01,77,30,6,1,3,0,0,0,0,21,0,1,3,0,1,5,0,0,6
20-10-02,63,11,18,0,4,0,0,0,0,19,0,0,1,0,0,4,0,0,6
20-10-03,75,26,8,0,7,0,2,0,0,10,0,1,1,1,3,2,0,0,14
20-10-04,64,16,5,2,6,1,2,1,0,16,0,2,0,0,0,4,0,0,9
20-10-05,73,19,5,1,5,0,1,4,1,27,0,1,2,3,0,1,1,0,2
20-10-06,75,15,3,0,4,0,3,1,0,35,0,0,0,9,0,0,0,0,5
20-10-07,114,33,2,1,6,0,2,1,1,53,0,0,0,8,0,0,0,0,7
20-10-08,69,20,5,0,5,0,7,0,0,24,0,1,0,0,0,1,3,0,3
20-10-09,54,22,5,1,0,0,5,0,0,12,0,1,0,0,1,0,1,0,6
20-10-10,72,25,3,1,8,0,1,0,0,24,0,0,3,0,2,0,0,0,5
20-10-11,58,23,3,1,1,0,2,1,0,21,2,0,1,0,0,0,0,0,3
20-10-12,98,31,4,0,3,1,13,0,0,30,1,0,2,2,0,1,1,0,9
20-10-13,91,20,1,1,0,2,10,0,0,38,4,1,2,1,0,1,0,0,10
20-10-14,84,23,2,0,8,0,4,1,0,31,0,0,1,0,0,0,0,0,14
20-10-15,110,25,55,0,11,0,1,0,0,8,1,1,0,1,0,1,0,0,6
20-10-16,47,18,0,0,4,0,2,0,0,17,0,0,1,2,0,0,0,0,3
20-10-17,73,18,6,1,2,1,0,0,0,32,3,0,2,0,1,0,2,0,5
20-10-18,91,20,4,0,1,0,1,0,0,50,2,0,0,0,0,0,0,0,13
20-10-19,76,14,15,0,5,2,2,0,0,18,1,1,2,1,0,2,1,0,12
20-10-20,58,11,2,0,3,0,1,0,0,28,3,2,2,0,0,2,1,0,3
20-10-21,89,17,10,0,6,1,4,1,0,24,2,1,0,0,1,2,0,0,20
20-10-22,121,18,5,2,4,0,0,0,0,67,2,0,11,2,0,1,0,0,9
20-10-23,155,20,0,5,5,6,0,0,0,103,1,0,4,2,1,0,0,0,8
20-10-24,77,22,0,0,2,0,5,0,0,35,0,0,5,0,2,0,0,0,6
20-10-25,61,17,1,1,0,0,1,1,0,27,0,0,2,0,0,0,2,0,9
20-10-26,119,20,0,0,3,0,1,1,1,67,0,2,1,0,0,3,3,0,17
20-10-27,88,24,1,0,2,0,5,0,0,35,6,1,1,0,3,0,5,0,5
20-10-28,103,25,0,2,10,0,7,0,0,31,14,0,1,3,0,5,3,0,2
20-10-29,125,36,0,3,5,2,0,2,0,58,7,0,1,1,0,1,0,0,9
20-10-30,113,47,0,10,3,0,0,2,0,32,6,2,3,2,1,0,1,0,4
20-10-31,127,52,2,9,3,0,0,0,3,27,0,0,5,0,0,0,1,0,25
20-11-01,124,45,0,2,4,3,0,0,0,38,3,1,9,0,3,0,2,0,14
20-11-02,97,25,0,3,2,0,0,1,0,41,1,2,11,0,2,1,1,0,7
20-11-03,75,22,1,0,1,2,0,0,0,27,1,1,7,0,0,0,1,0,12
20-11-04,117,42,1,2,4,0,1,1,0,43,0,0,10,0,0,2,0,1,10
20-11-05,125,50,4,2,5,0,0,0,0,27,1,2,23,0,0,0,5,0,6
20-11-06,145,40,0,0,0,0,0,0,0,47,7,0,25,1,0,1,13,0,11
20-11-07,89,37,2,1,1,0,1,0,0,21,4,0,9,0,0,0,5,0,8
20-11-08,143,54,0,7,3,2,1,1,0,25,9,2,9,0,4,2,10,0,14
20-11-09,126,46,2,6,2,1,0,0,0,22,11,4,10,4,2,1,4,0,11
20-11-10,100,35,1,1,3,5,0,0,0,33,3,2,4,0,2,1,2,0,8
20-11-11,145,45,3,0,1,4,1,0,0,53,9,2,7,1,1,0,11,0,7
20-11-12,143,53,2,3,2,6,2,1,0,35,6,1,9,0,8,1,4,1,9
20-11-13,191,74,0,1,4,5,0,0,1,47,23,1,8,0,9,0,3,1,14
20-11-14,205,69,4,0,1,8,2,0,1,49,18,0,11,4,13,0,4,0,21
20-11-15,208,85,0,1,2,9,0,0,0,45,19,8,5,2,9,2,3,0,18
20-11-16,222,80,0,0,10,4,3,0,1,42,20,3,6,1,10,14,4,1,23
20-11-17,230,90,0,3,13,18,1,0,1,52,13,0,9,0,16,3,3,0,8
20-11-18,285,92,5,2,12,9,1,3,0,87,5,0,7,0,15,16,9,0,22
20-11-19,325,109,5,2,12,8,1,0,0,64,20,4,13,2,28,8,28,0,21
20-11-20,348,132,2,1,30,4,0,0,0,73,24,2,15,13,14,10,18,2,8
20-11-21,386,156,7,1,22,7,1,1,0,93,15,1,21,14,19,8,11,0,9
20-11-22,330,121,1,1,27,8,0,1,0,75,13,0,13,12,13,6,19,0,20
20-11-23,271,112,5,2,23,1,3,1,1,76,12,0,9,9,5,4,2,1,5
20-11-24,349,133,6,3,17,3,0,2,2,81,46,3,8,15,7,9,3,1,10
20-11-25,382,142,18,5,40,14,4,3,0,82,13,3,18,8,8,3,11,3,7
20-11-26,581,212,22,1,18,14,1,7,4,183,8,8,16,16,9,2,45,3,12
20-11-27,555,204,24,0,25,13,5,7,3,117,9,20,31,24,11,3,39,3,17
20-11-28,503,178,28,1,25,16,13,3,0,125,33,24,17,9,7,5,14,2,3
20-11-29,450,158,22,3,21,8,6,0,3,94,19,22,13,17,20,11,15,1,17
20-11-30,438,159,52,4,34,13,5,3,1,77,8,22,5,16,4,4,20,1,10
20-12-01,451,155,31,11,16,22,10,3,2,96,9,32,16,9,2,11,11,1,14
20-12-02,511,193,32,4,23,10,5,10,7,144,12,16,8,26,1,5,7,2,6
20-12-03,540,262,15,3,22,3,7,2,4,141,8,10,14,9,2,11,13,1,13
20-12-04,628,295,31,6,17,1,21,5,0,160,3,5,23,14,3,9,16,2,17
20-12-05,577,235,29,7,19,6,10,1,4,157,9,18,10,17,4,17,27,1,6
20-12-06,631,254,34,3,42,5,3,3,3,184,12,14,15,12,8,11,16,0,12
20-12-07,615,244,35,5,40,5,2,38,0,156,9,11,10,22,3,9,16,0,10
20-12-08,587,211,26,4,25,11,11,61,1,157,8,10,15,13,7,5,13,2,7
20-12-09,670,262,19,2,46,9,10,14,1,219,5,23,4,12,2,4,29,0,9
20-12-10,680,250,31,3,37,5,9,16,1,215,15,12,20,8,5,8,16,13,16
20-12-11,689,252,26,6,37,3,10,47,0,229,11,20,10,7,4,3,12,5,7
20-12-12,950,362,59,35,42,9,18,23,1,272,36,21,10,6,8,19,17,0,12
20-12-13,1030,399,57,28,62,15,13,8,0,331,18,15,10,9,6,18,24,3,14
20-12-14,718,219,21,16,36,22,2,5,3,226,14,21,55,8,1,16,28,8,17
20-12-15,880,251,41,19,55,5,32,49,1,288,13,25,37,15,1,15,16,9,8
20-12-16,1078,378,41,27,67,2,15,6,0,329,8,23,35,75,4,28,19,15,6
20-12-17,1014,423,44,21,80,10,11,10,0,291,9,19,19,19,0,9,30,12,7
20-12-18,1064,398,39,20,65,4,5,31,0,303,18,31,18,16,5,31,44,27,9
20-12-19,1045,380,39,20,46,9,5,9,0,274,27,103,24,15,5,29,32,24,4
20-12-20,1096,472,33,25,62,14,3,6,1,249,55,14,20,29,4,25,51,24,9
20-12-21,924,327,20,21,88,13,3,17,0,244,25,33,16,13,9,48,15,23,9
20-12-22,866,316,26,39,45,26,9,6,1,204,23,31,17,4,5,59,18,19,18
20-12-23,1090,375,32,24,49,36,35,18,1,309,13,58,11,21,12,25,29,33,9
20-12-24,985,319,44,26,53,15,11,9,2,285,21,47,31,12,2,50,21,26,11
20-12-25,1240,552,22,23,55,36,13,12,1,263,14,42,80,14,5,67,15,20,6
20-12-26,1131,465,27,13,55,28,11,8,1,255,36,38,61,37,6,34,22,24,10
20-12-27,970,362,40,21,61,17,8,1,6,241,23,24,58,8,5,34,44,7,10
20-12-28,806,299,34,24,46,12,3,2,2,193,27,31,35,1,7,46,25,11,8
20-12-29,1044,521,17,29,32,15,30,4,4,256,21,22,27,8,4,28,16,5,5
20-12-30,1050,387,39,51,48,9,19,16,2,277,17,45,27,32,1,23,36,10,11
20-12-31,967,366,74,33,59,8,7,35,0,225,36,22,18,12,5,23,22,9,13
21-01-01,1027,357,57,43,65,17,11,43,1,284,30,22,15,8,6,24,35,5,4
21-01-02,820,250,26,29,71,13,4,17,3,227,31,36,7,11,11,20,37,13,14
21-01-03,657,198,19,22,48,26,8,7,1,204,33,27,9,5,12,14,12,4,8
21-01-04,1020,329,37,29,103,74,6,5,0,268,28,23,23,13,3,25,33,10,11
21-01-05,714,199,15,32,49,23,8,4,0,230,27,32,18,5,4,24,21,8,15
21-01-06,838,263,38,21,38,30,9,2,1,284,16,21,24,22,1,28,29,5,6
21-01-07,869,297,23,10,41,28,9,9,3,303,30,14,20,2,1,36,20,9,14
21-01-08,674,191,24,18,30,21,8,10,0,258,11,10,21,8,0,30,22,6,6
21-01-09,641,188,17,13,49,6,5,8,0,211,6,30,27,14,5,21,26,5,10
21-01-10,657,187,34,27,33,21,4,34,0,192,20,9,30,6,4,19,19,4,14
21-01-11,451,141,19,11,22,24,1,14,0,147,11,10,11,7,3,4,13,2,11
21-01-12,537,167,21,18,21,7,7,7,1,175,7,16,3,12,2,8,55,2,8
21-01-13,561,152,35,13,22,4,9,11,0,201,21,11,5,8,0,23,42,1,3
21-01-14,524,134,40,11,25,31,3,10,2,171,11,18,12,3,6,18,16,2,11
21-01-15,512,127,47,11,24,6,3,6,4,186,13,9,6,6,13,23,22,1,5
21-01-16,580,156,61,23,33,6,5,8,1,168,23,6,8,17,13,20,20,4,8
21-01-17,520,145,34,15,35,15,3,18,1,175,4,7,7,5,15,15,18,0,8
21-01-18,389,132,10,13,13,11,2,6,2,105,16,9,11,3,4,18,22,2,10
21-01-19,386,101,17,16,19,8,7,8,3,139,17,5,8,3,6,9,11,1,8
21-01-20,404,143,13,12,16,11,1,3,0,139,11,3,8,2,9,7,19,6,1
21-01-21,400,125,19,7,23,6,0,3,1,138,8,7,10,5,14,8,16,5,5
21-01-22,346,115,23,6,9,2,1,3,0,116,9,1,7,0,7,15,21,2,9
21-01-23,431,127,33,22,12,7,1,2,1,117,6,4,17,7,10,18,32,3,12
21-01-24,392,133,20,12,25,17,0,2,11,99,11,12,9,4,1,8,17,2,9
21-01-25,437,101,20,15,14,16,125,2,2,77,4,8,13,0,3,15,11,0,11
21-01-26,349,104,27,13,18,12,4,0,2,77,43,7,6,1,9,8,12,0,6
21-01-27,559,129,32,6,20,112,1,6,4,150,18,8,4,13,12,11,21,0,12
21-01-28,497,105,54,11,41,44,4,6,1,118,6,25,4,1,8,43,19,0,7
21-01-29,469,112,34,10,19,54,1,2,0,135,8,9,6,6,5,43,15,1,9
21-01-30,456,152,20,8,15,33,2,2,0,146,3,11,9,3,1,22,12,2,15
21-01-31,354,100,20,10,21,17,0,6,2,113,6,1,5,2,1,16,18,1,15
21-02-01,305,107,15,9,11,32,1,1,0,92,8,6,4,3,1,5,4,0,6
21-02-02,336,128,12,12,8,24,0,1,0,82,7,18,5,2,3,10,11,1,12
21-02-03,467,188,19,9,21,6,7,0,1,111,6,9,36,10,6,12,8,1,17
21-02-04,451,172,26,8,44,12,2,2,0,134,8,4,13,1,2,6,8,3,6
21-02-05,370,126,33,14,26,14,0,0,0,114,5,3,13,0,0,7,6,2,7
21-02-06,390,143,14,18,25,12,8,2,0,111,1,2,13,4,1,7,12,6,11
21-02-07,371,144,9,12,17,10,6,1,1,112,6,1,14,0,4,1,4,2,27
21-02-08,288,112,9,21,18,7,4,1,1,83,4,0,10,0,0,6,4,0,8
21-02-09,303,90,9,9,16,8,2,3,1,126,3,3,5,3,0,5,7,2,11
21-02-10,444,175,19,16,20,14,0,0,1,169,5,2,2,2,2,2,9,0,6
21-02-11,504,183,29,13,25,13,3,2,0,188,11,4,1,7,0,1,5,4,15
21-02-12,403,158,27,12,43,6,1,0,2,105,6,6,13,2,4,4,4,4,6
21-02-13,362,136,27,14,30,3,5,2,5,99,2,5,15,5,0,5,4,0,5
21-02-14,326,152,15,3,19,2,2,3,2,80,5,5,12,6,2,5,6,0,7
21-02-15,343,150,15,13,12,3,8,4,0,102,1,0,9,4,5,8,3,0,6
21-02-16,457,161,19,12,21,2,4,7,0,134,5,7,58,5,2,3,8,1,8
21-02-17,621,258,19,14,21,3,7,9,2,154,3,6,75,6,15,15,8,0,6
21-02-18,621,185,28,9,17,16,12,6,1,241,4,17,28,6,4,23,7,5,12
21-02-19,561,180,16,11,38,4,4,12,1,189,7,18,24,3,10,22,9,3,10
21-02-20,448,123,14,9,37,5,2,1,0,170,5,16,12,8,10,19,8,2,7
21-02-21,416,130,12,8,21,6,0,4,1,171,6,6,10,8,8,7,7,3,8
21-02-22,332,106,12,4,19,5,3,1,0,121,20,7,6,4,3,11,6,0,4
21-02-23,356,125,12,10,14,7,1,2,1,127,14,4,8,7,6,8,5,0,5
21-02-24,440,144,13,19,18,35,2,1,2,143,9,1,12,8,1,18,8,2,4
21-02-25,395,122,18,14,22,15,0,2,0,138,2,4,16,5,11,9,2,5,10
21-02-26,387,131,11,10,15,11,6,1,1,141,6,10,3,16,5,6,6,0,8
21-02-27,415,131,9,6,27,12,2,3,1,169,6,8,4,20,5,7,1,1,3
21-02-28,355,120,5,6,13,14,1,5,6,141,4,10,7,7,0,4,2,1,9
21-03-01,355,92,16,10,14,8,0,2,1,160,5,8,4,10,2,13,5,0,5
21-03-02,344,122,17,14,11,4,1,0,5,116,2,6,4,9,7,7,5,5,9
21-03-03,444,119,8,6,20,3,2,1,4,227,6,19,4,5,3,6,5,4,2
21-03-04,424,118,18,20,18,6,3,0,0,186,6,12,4,6,1,7,10,3,6
21-03-05,398,129,20,3,13,6,0,3,1,173,4,19,9,3,0,6,3,2,4
21-03-06,418,128,12,4,20,3,0,4,2,173,7,22,7,4,3,13,5,5,6
21-03-07,416,132,6,8,28,4,1,2,2,172,10,9,6,5,6,13,3,4,5
21-03-08,346,100,12,6,15,15,0,3,1,128,10,20,14,4,6,3,1,3,5
21-03-09,446,102,19,3,20,33,1,11,0,188,13,21,15,8,3,2,1,2,4
21-03-10,470,138,7,1,23,1,3,21,0,203,20,21,6,5,3,4,7,2,5
21-03-11,465,138,14,4,18,1,1,23,0,184,30,6,4,8,3,11,8,2,10
21-03-12,488,140,15,4,31,2,0,5,2,166,12,27,3,4,4,9,56,2,6
21-03-13,490,140,17,9,26,3,1,1,0,164,18,16,9,2,1,14,62,1,6
21-03-14,459,112,13,6,20,1,0,1,0,203,16,7,2,7,2,9,53,1,6
21-03-15,379,109,4,5,18,1,2,2,2,161,10,9,6,5,1,3,31,3,7
21-03-16,363,79,7,3,14,2,1,3,0,148,13,3,4,7,1,4,65,2,7
21-03-17,469,120,11,14,21,1,1,4,3,186,10,12,6,21,0,4,45,1,9
21-03-18,445,124,7,14,21,1,2,5,1,159,23,8,14,15,0,5,35,2,9
21-03-19,463,146,7,5,24,2,7,3,0,157,31,8,5,15,0,4,42,0,7
21-03-20,447,115,9,16,12,1,8,3,0,189,17,8,6,16,0,11,31,1,4
21-03-21,456,125,19,14,22,2,1,7,0,157,14,10,5,11,0,5,54,1,9
21-03-22,415,109,26,14,10,2,0,1,0,151,21,5,11,7,2,11,37,1,7
21-03-23,346,97,8,3,13,1,4,8,0,124,9,6,8,7,1,20,29,0,8
21-03-24,428,137,17,17,21,2,2,2,0,154,18,6,0,5,0,12,27,0,8
21-03-25,430,127,20,17,12,5,3,0,0,147,27,17,4,5,1,10,30,0,5
21-03-26,489,121,11,14,29,3,14,0,0,196,24,13,3,3,2,13,37,3,3
21-03-27,505,127,33,23,39,5,10,5,1,145,36,39,2,5,0,11,19,2,3
21-03-28,482,138,56,10,33,2,8,4,0,153,19,16,8,5,1,7,13,0,9
21-03-29,382,107,53,10,18,2,2,3,0,131,6,12,1,8,1,3,20,1,4
21-03-30,447,145,43,12,18,1,11,3,2,117,13,28,5,25,0,5,16,0,3
21-03-31,506,158,58,15,25,2,7,11,17,111,16,21,8,20,0,6,22,2,7
21-04-01,551,199,54,7,20,3,10,5,13,130,20,20,15,22,1,7,21,2,2
21-04-02,557,166,38,17,23,1,19,7,8,160,10,19,10,15,1,30,18,4,11
21-04-03,543,155,61,10,21,3,19,3,10,147,17,11,10,20,1,17,28,1,9
21-04-04,543,149,61,15,22,4,29,11,3,150,6,14,12,24,1,16,14,2,10
21-04-05,473,152,48,22,22,0,13,1,4,111,14,7,14,16,5,20,12,2,10
21-04-06,477,147,34,16,27,6,22,4,0,107,15,12,6,29,15,25,7,0,5
21-04-07,668,198,38,16,48,2,61,26,1,175,16,17,12,10,7,9,25,3,4
21-04-08,700,244,52,10,25,0,25,13,7,230,7,8,20,24,1,11,11,5,7
21-04-09,671,215,53,18,45,5,26,9,5,203,3,7,18,22,11,7,15,2,7
21-04-10,677,201,56,5,24,1,13,25,4,202,6,12,15,23,7,26,46,7,4
21-04-11,614,214,45,6,17,0,7,11,1,186,5,10,22,40,6,13,16,7,8
21-04-12,587,162,47,16,12,4,17,34,5,176,6,20,18,24,3,15,17,3,8
21-04-13,542,158,39,9,16,9,13,32,2,168,13,8,14,25,6,10,15,0,5
21-04-14,731,247,49,11,26,5,11,30,2,238,6,29,10,11,1,14,27,2,12
21-04-15,698,217,54,18,17,4,10,21,3,224,18,20,4,16,11,19,24,3,15
21-04-16,673,216,44,4,12,11,6,24,3,221,7,9,13,15,6,24,44,3,11
21-04-17,658,217,35,12,23,4,4,26,0,209,12,12,7,16,6,29,38,1,7
21-04-18,671,204,31,13,19,13,5,21,2,184,19,10,22,21,2,28,67,1,9
21-04-19,532,137,26,24,11,11,21,28,1,146,21,10,13,16,3,19,35,2,8
21-04-20,549,148,29,15,18,4,8,21,1,189,18,14,16,3,4,21,29,1,10
21-04-21,731,218,33,25,15,17,17,39,1,234,15,20,8,8,4,16,41,7,13
21-04-22,735,230,37,24,14,9,13,32,1,222,24,19,6,6,8,23,58,4,5
21-04-23,797,204,33,12,10,16,2,38,3,298,15,30,10,9,6,22,63,3,23
21-04-24,785,253,44,4,18,15,10,50,1,244,9,15,14,9,1,32,52,3,11
21-04-25,644,175,43,14,15,8,6,43,0,191,10,15,6,7,9,24,45,3,30
21-04-26,499,154,25,7,14,15,4,13,1,150,12,16,7,6,0,25,29,1,20
21-04-27,512,116,30,12,14,6,8,18,2,195,2,10,14,5,2,22,28,5,23
21-04-28,769,257,33,29,20,12,10,33,2,194,11,22,38,13,5,25,55,3,7
21-04-29,679,227,40,19,25,8,4,46,0,182,13,10,16,9,2,28,38,1,11
21-04-30,661,227,32,14,14,4,31,61,1,151,4,12,12,21,5,29,37,1,5
21-05-01,627,195,29,12,13,4,13,52,4,190,4,5,17,10,2,12,43,7,15
21-05-02,606,182,33,10,17,15,9,52,1,145,4,11,16,12,1,30,61,1,6
21-05-03,488,127,16,12,15,5,5,21,4,130,10,9,10,12,24,32,44,1,11
21-05-04,541,184,16,10,13,4,13,29,6,124,22,7,19,12,9,22,36,8,7
21-05-05,676,238,23,6,16,8,18,22,0,168,48,11,10,6,12,38,27,13,12
21-05-06,574,212,28,7,19,8,18,38,1,142,12,6,15,5,10,22,17,6,8
21-05-07,525,179,21,9,14,21,7,35,0,139,8,5,9,6,12,12,32,12,4
21-05-08,701,242,27,13,22,5,9,48,5,194,27,9,3,5,12,21,37,5,17
21-05-09,564,195,10,6,11,6,2,28,1,149,7,9,10,8,24,19,30,18,31
21-05-10,463,141,20,4,13,9,4,24,7,137,5,4,15,9,9,19,16,14,13
21-05-11,510,163,14,8,21,24,7,19,0,137,12,4,18,12,10,15,10,24,12
21-05-12,634,222,10,6,20,22,8,31,1,187,17,12,10,22,17,7,16,13,13
21-05-13,715,227,20,5,17,23,18,31,2,226,17,10,19,10,12,23,32,9,14
21-05-14,747,231,24,9,34,11,31,26,7,173,25,4,22,14,50,35,32,10,9
21-05-15,681,254,42,5,16,11,10,22,3,170,12,5,12,11,26,19,40,14,9
21-05-16,610,213,31,6,15,14,4,11,0,161,5,20,18,14,13,11,45,9,20
21-05-17,619,195,12,19,14,27,2,16,0,150,35,23,16,9,20,27,30,15,9
21-05-18,528,172,13,23,16,11,12,6,4,137,25,13,15,7,12,23,16,11,12
21-05-19,654,249,27,23,23,4,10,27,3,164,16,21,17,9,10,24,16,4,7
21-05-20,646,242,17,9,13,15,8,25,9,187,8,13,19,7,7,33,12,6,16
21-05-21,561,172,15,19,12,13,15,13,1,164,7,12,41,16,17,11,18,5,10
21-05-22,666,208,28,56,15,15,5,29,0,165,29,6,17,12,16,16,21,7,21
21-05-23,585,181,15,57,12,9,12,24,1,151,19,9,24,14,10,12,17,8,10
21-05-24,530,139,15,48,18,16,11,12,14,122,20,7,31,4,14,12,17,19,11
21-05-25,516,138,16,29,11,21,15,7,14,136,21,9,22,5,7,12,14,17,22
21-05-26,705,261,22,30,19,21,17,15,9,189,25,13,19,6,11,9,20,6,13
21-05-27,629,218,18,27,30,15,23,6,8,170,7,9,17,6,16,12,18,26,3
21-05-28,587,214,13,24,26,8,18,12,8,149,16,14,21,4,7,14,21,7,11
21-05-29,533,194,14,22,18,9,11,8,1,139,10,22,12,6,5,13,20,13,16
21-05-30,480,160,13,20,18,9,7,7,6,160,17,6,7,7,9,9,10,8,7
21-05-31,430,130,17,31,12,13,6,3,3,130,11,7,4,9,6,18,16,7,7
21-06-01,459,147,28,42,17,5,19,2,3,116,13,11,12,6,5,9,8,12,4
21-06-02,677,258,21,39,20,5,23,14,3,192,14,5,7,10,10,12,21,14,9
21-06-03,681,215,32,74,22,4,15,8,1,211,17,5,13,12,3,11,23,12,3
21-06-04,695,206,14,65,10,7,18,15,3,209,18,22,9,3,12,11,44,21,8
21-06-05,744,277,17,41,16,9,31,5,4,211,14,24,10,14,14,10,20,22,5
21-06-06,556,179,21,46,23,2,18,7,0,160,10,17,13,0,9,10,17,19,5
21-06-07,485,159,12,26,15,4,20,10,0,151,2,11,9,3,3,9,28,13,10
21-06-08,454,139,15,33,13,1,22,3,0,130,5,6,4,4,8,7,48,8,8
21-06-09,602,183,16,44,23,7,25,6,3,161,30,23,5,6,6,13,39,7,5
21-06-10,610,212,15,30,22,4,22,7,3,180,16,24,7,2,4,11,33,10,8
21-06-11,556,204,28,24,18,1,15,15,2,173,11,16,5,4,5,6,20,5,4
21-06-12,565,208,26,23,20,7,22,6,1,174,11,12,5,2,4,5,25,5,9
21-06-13,452,176,13,15,15,3,11,2,1,149,10,6,10,1,3,7,8,5,17
21-06-14,399,122,17,20,14,4,10,0,1,122,11,23,7,2,4,4,13,9,16
21-06-15,373,131,9,16,12,4,15,4,8,120,3,14,7,4,3,5,3,6,9
21-06-16,545,201,16,16,12,1,29,7,4,190,7,17,8,2,8,3,7,9,8
21-06-17,540,201,17,7,17,6,18,22,2,183,7,18,5,7,6,3,5,8,8
21-06-18,507,200,10,11,22,2,13,11,1,153,9,19,7,4,4,11,14,6,10
21-06-19,482,197,18,13,22,4,5,5,2,145,5,10,12,5,5,4,11,7,12
21-06-20,429,165,21,16,22,3,8,5,3,113,13,6,10,3,3,6,11,2,19
21-06-21,357,134,14,18,9,2,15,0,2,91,9,3,11,3,10,8,13,3,12
21-06-22,394,131,6,3,18,2,31,5,6,92,10,16,12,2,8,11,11,1,29
21-06-23,645,236,16,7,28,4,58,5,8,191,17,10,9,2,2,21,18,0,13
21-06-24,610,252,20,3,15,1,15,13,1,185,5,6,7,6,6,29,23,4,19
21-06-25,634,269,27,5,29,5,9,16,2,183,13,10,4,2,18,7,17,5,13
21-06-26,668,263,31,13,12,8,13,22,2,188,35,5,7,5,3,9,12,9,31
21-06-27,614,242,12,8,25,12,15,6,8,173,19,4,24,6,6,4,14,2,34
21-06-28,501,185,38,5,31,7,7,8,0,162,17,5,8,2,2,1,10,2,11
21-06-29,595,205,9,8,17,2,25,13,3,230,8,10,11,7,4,6,15,6,16
21-06-30,794,375,14,11,30,6,26,4,3,240,15,5,8,10,7,4,17,2,17
21-07-01,761,333,18,7,36,7,16,2,5,249,10,4,15,7,5,5,10,1,31
21-07-02,825,346,29,9,22,2,25,11,2,264,14,7,27,7,4,7,13,3,33
21-07-03,794,359,39,8,16,3,28,1,3,252,11,6,16,4,7,4,10,4,23
21-07-04,743,289,28,3,33,3,32,13,4,231,19,2,7,3,0,9,15,2,50
21-07-05,711,307,25,6,22,7,19,1,4,220,7,3,12,6,6,13,22,6,25
21-07-06,746,320,29,8,23,4,26,3,5,229,9,2,13,6,4,11,19,5,30
21-07-07,1211,582,34,13,57,11,30,1,5,367,12,5,16,8,10,6,15,19,20
21-07-08,1275,550,55,15,64,2,13,9,5,392,16,8,78,3,9,4,10,17,25
21-07-09,1316,503,58,19,82,4,29,16,1,405,24,14,52,8,5,9,17,31,39
21-07-10,1378,509,61,14,84,21,48,30,0,451,16,19,29,14,2,13,36,10,21
21-07-11,1324,509,56,23,66,23,32,22,3,407,20,8,32,2,6,12,67,24,12
21-07-12,1100,403,44,37,56,14,25,8,6,327,18,14,45,4,19,13,40,7,20
21-07-13,1150,417,50,38,71,9,31,7,8,318,19,8,36,18,13,8,51,19,29
21-07-14,1613,637,63,52,96,15,41,11,6,464,16,10,36,9,6,22,89,21,19
21-07-15,1599,519,65,51,90,21,60,19,2,496,25,12,51,24,26,13,88,9,28
21-07-16,1535,569,50,32,97,23,49,14,7,456,28,14,39,13,8,12,80,10,34
21-07-17,1449,559,62,29,81,12,33,11,2,393,45,11,52,8,8,16,89,14,24
21-07-18,1453,522,70,42,83,23,45,12,5,373,52,29,40,5,11,15,99,11,16
21-07-19,1251,419,65,33,67,14,83,14,8,340,27,4,33,10,16,19,74,11,14
21-07-20,1278,394,49,30,71,25,73,9,13,383,42,44,30,15,9,19,57,8,7
21-07-21,1781,604,102,35,128,23,73,18,6,465,54,15,49,19,21,25,89,34,21
21-07-22,1841,499,104,38,130,11,81,25,10,373,47,28,39,4,18,29,91,24,290
21-07-23,1629,519,116,60,97,9,67,22,8,415,62,35,28,10,23,16,93,29,20
21-07-24,1627,465,116,52,84,9,68,19,6,464,46,31,39,42,20,21,111,15,19
21-07-25,1487,489,108,69,88,13,54,9,9,320,25,41,47,7,16,28,119,14,31
21-07-26,1318,341,89,60,71,18,71,3,5,350,29,31,65,24,28,22,78,12,21
21-07-27,1363,351,66,69,65,23,71,5,6,373,61,13,38,32,15,25,88,17,45
21-07-28,1895,573,102,55,102,27,75,18,11,556,74,40,31,23,20,33,98,23,34
21-07-29,1673,514,82,56,96,39,69,14,5,469,47,30,47,31,20,22,90,24,18
21-07-30,1710,488,78,62,119,25,85,18,4,524,20,37,37,23,19,37,99,18,17
21-07-31,1538,475,72,46,96,22,86,17,12,395,39,19,63,14,13,19,99,26,25
21-08-01,1442,473,58,23,89,14,69,20,9,406,44,17,46,14,9,28,84,20,19
21-08-02,1218,364,72,26,62,17,64,13,3,337,25,26,38,13,6,31,84,12,25
21-08-03,1200,311,69,37,48,18,78,8,7,360,25,39,51,16,4,25,72,21,11
21-08-04,1725,486,111,75,83,16,59,15,8,487,22,45,55,33,15,48,114,23,30
21-08-05,1775,466,112,121,90,17,70,13,15,486,31,45,71,19,20,60,82,24,33
21-08-06,1704,464,107,84,103,14,50,24,20,462,26,41,53,34,24,56,98,16,28
21-08-07,1823,503,146,68,90,18,57,21,18,514,33,43,54,20,20,49,131,13,25
21-08-08,1727,450,147,63,75,32,33,58,7,461,25,55,86,20,20,56,118,5,16
21-08-09,1491,415,123,86,65,19,42,25,1,408,24,38,68,21,14,30,88,11,13
21-08-10,1537,359,105,80,66,15,51,51,4,420,22,47,66,31,26,59,110,12,13
21-08-11,2221,660,126,66,111,20,43,48,8,666,19,56,86,31,18,67,141,28,27
21-08-12,1987,526,132,39,114,20,51,54,11,575,42,75,85,24,27,63,110,23,16
21-08-13,1989,524,180,57,97,15,58,39,7,540,33,52,72,27,18,82,125,44,19
21-08-14,1928,513,153,82,79,17,42,26,10,573,39,45,64,21,28,54,103,55,24
21-08-15,1816,488,156,57,100,29,44,29,5,510,31,44,62,12,18,76,93,38,24
21-08-16,1554,363,127,45,110,29,31,31,3,396,41,37,43,14,27,75,86,65,31
21-08-17,1372,365,66,46,78,18,33,22,3,385,26,43,42,25,25,38,106,37,14
21-08-18,1803,509,124,61,92,31,34,32,6,515,40,33,70,20,34,37,105,46,14
21-08-19,2152,575,138,52,153,22,49,68,13,649,29,59,83,39,17,47,109,37,13
21-08-20,2050,554,132,39,120,22,58,30,13,645,28,44,76,40,23,67,90,56,13
21-08-21,1876,525,86,34,92,27,28,27,2,598,40,41,75,24,15,111,79,52,20
21-08-22,1626,497,113,51,66,22,23,36,1,524,15,46,51,21,9,50,57,35,9
21-08-23,1417,388,63,57,78,33,30,37,11,396,26,43,68,36,10,35,54,32,20
21-08-24,1507,436,61,73,63,12,63,26,7,474,17,30,60,34,9,31,69,30,12
21-08-25,2154,677,86,101,119,23,64,38,16,587,46,59,76,40,8,71,104,27,12
21-08-26,1882,570,78,95,102,29,50,40,10,514,26,38,92,45,8,64,68,30,23
21-08-27,1837,556,68,90,97,14,57,20,9,548,57,33,60,41,16,65,73,23,10
21-08-28,1791,569,76,76,95,20,46,22,12,542,41,45,63,26,26,47,53,21,11
21-08-29,1619,517,64,57,93,22,18,36,2,480,35,30,77,28,28,54,53,13,12
21-08-30,1485,442,57,85,64,30,29,36,8,408,29,38,60,26,29,41,62,12,29
21-08-31,1369,456,44,51,73,19,34,24,8,432,30,15,38,26,14,27,56,9,13
21-09-01,2024,665,69,55,123,37,30,71,10,639,35,49,86,26,17,44,53,10,5
21-09-02,1960,559,71,66,123,42,61,42,7,697,27,27,95,18,13,42,54,11,5
21-09-03,1708,542,58,52,118,43,46,35,4,520,18,30,81,28,15,46,51,10,11
21-09-04,1803,565,51,42,98,26,50,47,8,580,45,30,99,26,30,40,52,8,6
21-09-05,1490,508,39,20,100,39,38,41,3,448,24,17,73,14,16,42,52,7,9
21-09-06,1375,464,52,43,83,28,30,39,4,400,25,24,62,7,4,38,57,9,6
21-09-07,1597,482,35,38,87,34,34,47,5,481,22,36,85,30,35,45,87,5,9
21-09-08,2048,671,31,61,120,43,39,49,8,703,33,39,84,32,22,25,70,9,9
21-09-09,2049,667,35,50,108,22,38,70,6,643,33,33,152,26,22,33,77,23,11
21-09-10,1892,670,38,44,120,25,48,41,5,613,33,32,79,25,21,28,45,17,8
21-09-11,1864,659,35,45,132,21,65,31,9,572,34,30,92,17,25,34,38,6,19
21-09-12,1755,658,43,62,148,27,45,34,4,488,19,45,79,14,11,20,46,4,8
21-09-13,1433,556,35,31,151,14,39,17,4,402,14,35,58,10,5,25,23,4,10
21-09-14,1495,539,38,27,124,35,41,35,21,461,21,21,59,17,1,15,22,12,6
21-09-15,2078,808,43,27,164,38,37,31,8,689,29,37,85,16,5,22,28,6,5
21-09-16,1942,718,58,47,137,13,36,31,7,656,36,41,50,20,8,33,33,11,7
21-09-17,2008,746,52,38,141,21,43,17,12,659,39,37,56,36,13,38,35,9,16
21-09-18,2087,703,52,71,147,27,44,34,12,674,48,41,73,73,7,24,43,3,11
21-09-19,1909,742,46,47,183,22,48,30,8,547,46,35,47,20,12,41,22,6,7
21-09-20,1603,583,47,35,96,35,49,15,9,506,28,36,34,38,6,37,32,10,7
21-09-21,1729,676,45,46,133,40,44,16,4,502,39,27,45,31,7,27,26,7,14
21-09-22,1720,644,38,41,148,40,16,20,4,529,33,27,62,27,23,28,29,5,6
21-09-23,1715,645,24,53,107,36,43,23,10,548,31,25,54,40,15,21,28,9,3
21-09-24,2429,904,30,128,140,42,71,30,14,708,43,60,75,62,17,46,38,14,7
21-09-25,3268,1220,51,118,201,30,80,26,10,1101,57,60,93,65,28,58,47,15,8
21-09-26,2768,927,46,143,173,40,53,27,8,931,47,51,75,48,25,85,73,7,9
21-09-27,2381,777,43,115,145,28,51,20,14,755,40,63,78,43,16,71,101,9,12
21-09-28,2287,840,29,126,123,28,54,17,4,721,26,59,48,42,18,75,67,7,3
21-09-29,2881,1051,52,109,154,28,29,27,10,990,20,84,77,41,23,88,84,5,9
21-09-30,2561,944,49,73,148,32,36,27,14,883,32,61,60,35,24,52,67,15,9
21-10-01,2483,913,46,85,159,28,38,24,8,825,52,39,60,32,29,60,69,9,7
21-10-02,2247,792,42,80,116,25,35,19,11,759,33,60,51,23,22,56,108,8,7
21-10-03,2085,735,33,58,128,22,41,18,7,678,50,44,44,29,25,97,65,5,6
21-10-04,1670,572,37,68,120,13,38,5,3,534,37,44,42,21,13,60,47,7,9
21-10-05,1574,521,47,50,106,15,39,12,10,496,24,44,34,23,13,57,70,5,8
21-10-06,2027,690,38,64,133,16,31,4,5,685,31,38,69,20,13,55,120,4,11
21-10-07,2425,836,49,46,200,13,30,14,11,856,29,74,52,24,18,55,96,9,13
21-10-08,2171,772,34,45,128,25,31,16,10,759,33,64,60,22,17,77,55,9,14
21-10-09,1953,712,30,50,131,18,30,13,4,638,28,64,58,19,14,39,73,26,6
21-10-10,1594,583,31,48,95,23,10,9,4,550,18,75,31,10,5,45,39,7,11
21-10-11,1297,511,49,45,72,14,22,11,3,359,17,60,25,20,11,30,34,8,6
21-10-12,1346,482,25,50,81,7,23,17,6,411,28,68,57,23,17,24,17,7,3
21-10-13,1583,582,40,66,86,14,21,7,3,509,17,88,34,13,16,41,30,11,5
21-10-14,1939,747,47,46,142,10,6,6,3,690,22,48,47,16,19,45,35,9,1
21-10-15,1683,681,32,38,96,6,12,8,3,611,21,47,33,11,24,34,13,10,3
21-10-16,1617,585,22,47,103,6,9,7,1,587,19,69,39,16,24,52,17,7,7
21-10-17,1420,506,36,40,109,9,8,4,0,491,24,41,44,15,22,28,30,5,8
21-10-18,1049,355,35,45,85,4,5,3,2,364,8,30,33,18,9,18,29,6,0
21-10-19,1073,298,39,35,93,3,15,0,0,401,7,42,40,14,14,42,20,5,5
21-10-20,1571,504,35,36,109,12,9,7,3,588,27,69,43,9,9,75,33,3,0
21-10-21,1441,506,29,26,105,15,8,1,8,526,31,57,44,10,12,35,20,6,2
21-10-22,1437,519,44,21,121,3,5,3,1,516,18,41,27,16,15,45,34,6,2
21-10-23,1508,551,40,21,106,9,8,6,2,518,20,47,42,19,5,35,72,3,4
21-10-24,1422,519,32,31,103,4,8,3,0,521,13,39,64,10,9,24,27,8,7
21-10-25,1190,455,24,32,96,3,4,4,0,401,20,42,27,24,5,16,18,11,8
21-10-26,1265,427,33,61,74,5,13,9,6,431,25,31,40,41,6,20,29,6,8
21-10-27,1952,729,43,39,125,9,15,8,1,740,19,29,59,30,6,42,45,7,6
21-10-28,2110,788,52,106,137,7,6,6,2,707,22,54,82,41,12,41,35,4,8
21-10-29,2124,770,43,117,132,5,9,4,1,762,21,35,68,56,13,42,34,4,8
21-10-30,2104,706,45,90,123,16,7,3,4,719,25,46,56,26,12,40,173,9,4
21-10-31,2061,760,58,57,157,23,11,5,4,701,23,27,62,21,30,56,61,1,4
21-11-01,1684,646,55,57,127,5,9,12,2,564,13,21,47,24,18,27,50,2,5
21-11-02,1589,600,28,42,113,17,28,7,5,501,29,24,69,14,34,21,54,2,1
21-11-03,2667,1004,80,66,183,12,19,7,1,899,29,48,91,43,21,31,108,17,8
21-11-04,2482,946,59,66,171,14,17,4,0,873,39,47,88,38,17,39,36,17,11
21-11-05,2342,979,56,43,152,12,24,5,2,742,22,35,110,16,15,84,33,7,5
21-11-06,2246,915,59,38,144,18,21,12,2,692,42,43,65,35,40,35,73,4,8
21-11-07,2224,848,40,55,161,20,23,1,2,703,42,54,66,22,31,94,46,14,2
21-11-08,1758,707,34,34,98,28,22,5,1,544,30,35,62,21,17,60,40,16,4
21-11-09,1715,662,46,44,111,11,25,4,3,528,21,17,60,12,21,48,77,20,5
21-11-10,2425,973,74,33,159,22,23,5,4,867,23,31,58,36,7,36,60,11,3
21-11-11,2519,1003,69,42,187,32,34,20,6,821,29,34,50,39,17,33,76,14,13
21-11-12,2368,948,63,70,120,11,25,4,6,792,30,26,59,65,15,41,68,21,4
21-11-13,2324,1005,64,73,166,31,32,1,1,648,31,23,77,58,19,35,41,15,4
21-11-14,2418,978,82,72,156,19,18,7,2,799,31,27,54,44,26,42,44,14,3
21-11-15,2005,858,68,49,102,26,33,4,1,602,35,18,57,38,19,34,46,10,5
21-11-16,2124,846,87,38,131,11,34,9,6,658,51,28,42,56,29,9,45,43,1
21-11-17,3187,1436,103,56,159,34,46,14,16,964,54,28,71,50,36,26,66,23,5
21-11-18,3292,1429,90,73,195,34,36,10,10,967,62,26,82,54,40,51,98,28,7
21-11-19,3033,1400,77,47,188,24,53,4,3,849,72,20,56,24,46,49,78,31,12
21-11-20,3204,1371,86,61,204,39,32,5,7,993,59,34,74,30,66,35,79,23,6
21-11-21,3120,1320,86,44,206,70,43,9,7,992,75,20,47,41,38,26,76,15,5
21-11-22,2826,1278,90,53,161,57,36,10,5,819,55,26,47,34,27,39,65,17,7
21-11-23,2697,1164,56,50,131,55,68,7,8,773,66,20,76,42,20,51,80,29,1
21-11-24,4115,1734,120,78,221,46,51,11,7,1184,65,40,291,34,52,65,87,22,7
21-11-25,3937,1760,97,81,260,35,50,13,20,1101,87,39,111,35,42,98,74,29,5
21-11-26,3895,1739,98,103,248,31,44,13,15,1119,52,25,87,46,38,115,86,32,4
21-11-27,4067,1888,105,76,288,35,38,7,11,1109,93,39,78,50,36,96,86,27,5
21-11-28,3925,1673,148,106,278,52,53,4,5,1090,63,25,121,45,25,103,89,35,10
21-11-29,3307,1392,144,88,233,61,43,2,15,910,56,33,52,49,28,68,86,44,3
21-11-30,3032,1186,79,78,192,52,43,3,22,909,84,59,81,50,36,68,60,22,8
21-12-01,5122,2222,143,86,326,29,88,17,20,1582,105,48,96,50,40,97,126,27,20
21-12-02,5263,2267,158,70,355,39,166,18,8,1495,144,49,149,71,39,106,94,31,4
21-12-03,4944,2099,141,99,307,45,97,20,7,1465,98,97,156,66,35,82,99,20,11
21-12-04,5352,2273,201,90,284,39,126,7,8,1675,114,56,133,65,52,90,114,21,4
21-12-05,5125,2031,207,117,337,40,141,16,16,1485,116,82,174,56,47,99,138,17,6
21-12-06,4324,1408,193,146,302,43,105,15,13,1314,112,59,157,73,37,181,121,39,6
21-12-07,4952,2118,160,129,251,47,121,14,11,1321,109,80,135,74,58,129,129,61,5
21-12-08,7173,2900,253,127,433,57,185,26,16,2268,143,61,202,103,54,131,156,51,7
21-12-09,7102,2790,252,132,497,36,167,49,16,2141,139,92,208,125,69,143,193,48,5
21-12-10,7020,2798,303,163,465,35,157,43,10,2030,152,94,160,97,69,183,206,47,8
21-12-11,6973,2834,319,143,464,25,118,34,7,2058,170,80,163,104,75,138,193,46,2
21-12-12,6683,2527,328,137,458,71,115,50,15,2015,123,90,202,88,80,147,198,32,7
21-12-13,5816,2550,241,144,389,37,78,39,12,1367,111,76,184,81,83,163,218,36,7
21-12-14,5565,2060,206,130,348,71,151,85,20,1497,132,86,203,117,58,166,181,39,15
21-12-15,7848,3165,343,178,476,59,164,59,26,2298,160,105,210,120,60,193,195,33,4
21-12-16,7619,3054,346,158,511,44,129,76,28,2152,148,149,177,150,58,208,199,29,3
21-12-17,7434,2846,388,159,572,42,162,57,25,2153,134,128,203,122,60,169,171,35,8
21-12-18,7310,2793,362,215,600,57,120,46,43,2040,126,127,240,110,44,138,211,30,8
21-12-19,6233,2318,363,152,493,29,149,39,23,1753,100,92,207,92,43,137,215,22,6
21-12-20,5316,1906,365,111,375,52,112,36,16,1488,130,68,185,100,56,117,156,30,13
21-12-21,5194,1994,234,138,383,76,126,35,20,1313,117,89,161,140,41,107,184,26,10
21-12-22,7454,2805,431,133,479,106,156,39,47,2225,130,123,165,135,47,139,252,37,5
21-12-23,6915,2718,432,168,422,66,133,44,19,1949,120,85,183,149,69,134,201,17,6
21-12-24,6233,2346,421,151,438,54,81,43,36,1668,130,91,180,118,69,144,230,25,8
21-12-25,5839,2121,341,103,400,78,104,63,21,1680,147,83,161,115,53,128,213,15,13
21-12-26,5415,1915,371,120,326,67,84,53,12,1653,107,80,117,98,48,130,201,28,5
21-12-27,4204,1495,270,130,234,60,40,42,10,1172,120,63,148,89,30,71,200,16,14
21-12-28,3864,1289,237,149,241,70,80,39,18,1063,79,65,128,90,38,86,176,6,10
21-12-29,5407,1913,296,139,314,80,79,49,21,1633,87,101,119,109,39,104,265,33,26
21-12-30,5034,1721,256,117,318,102,90,40,21,1465,91,80,123,230,48,82,196,21,33
21-12-31,4872,1667,260,132,304,85,71,40,17,1476,72,74,137,99,60,105,231,16,26
22-01-01,4414,1463,212,125,241,92,65,50,16,1391,59,104,138,85,48,116,162,23,24
22-01-02,3830,1180,216,86,233,93,59,58,12,1277,59,50,101,79,42,94,141,19,31
22-01-03,3124,989,173,98,187,75,49,38,10,917,54,47,115,86,35,49,132,28,42
22-01-04,3022,937,145,84,171,61,34,34,11,947,63,61,114,92,46,62,116,18,26
22-01-05,4441,1410,255,112,271,75,51,48,17,1467,69,68,139,97,60,97,114,43,48
22-01-06,4123,1208,228,110,283,91,41,30,18,1526,57,45,79,70,59,89,103,19,67
22-01-07,3711,1035,207,99,181,87,29,38,14,1261,90,90,113,84,124,109,102,10,38
22-01-08,3503,989,181,108,203,89,47,27,12,1207,81,53,96,67,96,85,101,9,52
22-01-09,3370,961,158,108,185,92,40,34,13,1114,77,34,111,76,112,93,98,11,53
22-01-10,3005,781,165,93,125,133,33,23,13,1014,60,30,101,96,86,88,80,13,71
22-01-11,3094,755,115,71,154,176,43,22,16,1113,88,53,105,58,88,60,92,15,70
22-01-12,4383,1091,164,93,262,158,90,27,14,1629,117,68,114,58,164,77,119,5,133
22-01-13,4162,976,162,124,240,188,68,27,7,1534,89,61,131,106,136,99,115,7,92
22-01-14,4538,938,127,90,266,223,66,40,8,1856,144,71,106,102,133,93,126,6,143
22-01-15,4419,910,143,126,248,207,53,17,15,1823,79,82,121,123,154,95,116,13,94
22-01-16,4189,923,145,157,259,183,53,19,20,1586,74,39,114,123,169,108,123,8,86
22-01-17,3856,788,117,176,199,242,82,19,7,1427,79,42,104,124,166,95,119,12,58
22-01-18,4070,762,114,171,196,184,107,35,23,1530,94,59,145,151,139,138,142,3,77
22-01-19,5804,1230,190,213,424,226,118,44,26,2176,148,81,183,143,154,170,201,13,64
22-01-20,6600,1362,203,364,418,354,97,72,9,2418,111,175,217,138,160,226,223,10,43
22-01-21,6766,1551,216,388,452,242,111,82,17,2430,161,87,193,165,199,234,188,14,36
22-01-22,7004,1591,236,444,570,252,119,51,12,2424,99,150,200,171,154,207,220,18,86
22-01-23,7625,1693,292,458,610,316,159,91,24,2712,89,110,207,140,196,215,226,27,60
22-01-24,7511,1679,298,479,582,286,158,69,33,2442,100,147,265,200,206,234,234,20,79
22-01-25,8570,1723,343,489,670,315,226,101,69,2917,165,124,311,238,191,281,344,32,31
22-01-26,13007,3177,563,670,879,396,370,148,77,4221,163,247,417,299,286,445,542,53,54
22-01-27,14514,3429,741,770,1026,343,413,148,76,4765,189,294,439,310,294,489,660,72,56
22-01-28,16092,3991,821,865,1244,422,370,158,58,5174,212,299,536,381,327,538,603,44,49
22-01-29,17511,4198,808,879,1614,422,429,200,43,5629,207,310,507,543,314,589,697,76,46
22-01-30,17526,4185,851,908,1316,477,449,212,76,5711,221,351,676,436,320,597,629,69,42
22-01-31,17077,4192,770,981,1225,482,446,202,78,5105,277,356,676,530,293,587,753,74,50
22-02-01,18337,4131,980,966,1381,500,462,254,108,5535,254,408,730,585,411,619,858,86,69
22-02-02,20268,4208,1267,1147,1400,618,481,300,140,6050,354,459,889,656,468,777,901,122,31
22-02-03,22906,5218,1280,1256,1535,694,559,270,138,6557,469,570,917,947,454,935,910,168,29
22-02-04,27436,6159,1725,1713,1781,829,763,471,251,7226,636,628,1072,1063,648,1144,1064,212,51
22-02-05,36341,8597,1931,1640,2500,1244,1032,503,296,10449,697,776,1160,1282,965,1485,1483,248,53
22-02-06,38688,7821,2174,1970,2238,1186,1190,571,270,11951,786,953,1526,1012,1192,1749,1763,285,51
22-02-07,35281,6886,1927,1971,2376,1209,969,593,262,9803,740,885,1473,1271,1133,1686,1672,369,56
22-02-08,36714,5909,1921,1786,2982,1241,943,501,244,12138,738,799,1402,1226,1015,1545,1901,382,41
22-02-09,49549,11682,3035,2415,3931,1503,1130,791,287,13639,945,1377,1768,1563,1128,1958,1943,412,42
22-02-10,54119,11874,2631,2329,3996,1427,1449,732,273,17751,964,1082,1716,1771,1495,1818,2340,448,23
22-02-11,53920,11531,3011,2494,3745,1408,1423,795,332,17975,1087,1156,1587,1506,1241,1926,2192,475,36
22-02-12,54938,13198,3051,2370,5068,1576,1511,726,326,15958,960,1156,2187,1548,1215,1831,1699,503,55
22-02-13,56410,11824,3442,2573,4474,1540,1495,805,384,17074,985,1331,2356,1642,1181,2054,2666,554,30
22-02-14,54611,11596,3520,2606,3578,1539,1613,676,353,15875,1092,1542,2497,1591,1264,1917,2805,507,40
22-02-15,57169,12453,3090,2362,4899,1608,1576,776,415,17241,1179,1327,2219,1579,1301,1765,2771,551,57
22-02-16,90439,18879,6483,4190,5821,2298,2590,1759,696,27963,1784,2203,3003,2561,1929,2868,4450,924,38
22-02-17,93129,19688,6219,4199,7237,2611,2702,1690,655,28447,1729,2169,3015,2574,1893,2901,4480,882,38
22-02-18,109820,25649,6577,4538,7344,2669,2980,1947,703,36511,1932,2546,2944,2510,1911,3285,4622,1113,39
22-02-19,102206,23192,6535,4223,7816,2741,3032,1832,677,30642,1799,2394,4077,2492,1899,3186,4417,1205,47
22-02-20,104825,22101,6946,4707,9190,2661,3110,1919,658,31328,1999,2312,3348,2791,2064,3349,5092,1230,20
22-02-21,95359,20018,7541,4160,7364,2589,2907,1593,646,26779,2015,2226,3313,2728,2069,3250,5045,1080,36
22-02-22,99569,21807,6140,4158,7772,3247,2848,1939,648,29562,2057,2187,3337,2463,2109,3127,4839,1300,29
22-02-23,171451,41467,12816,6306,11063,4225,4078,3447,1079,53532,3192,3475,4838,4024,3083,4996,8023,1761,46
22-02-24,170009,37172,11836,7148,13863,4136,4504,3231,1082,51320,3121,4356,4987,3909,3367,5204,9215,1505,53
22-02-25,165890,35614,12736,6290,12847,4604,4406,3532,1064,48082,3429,3968,5184,4217,3533,5393,8899,2062,30
22-02-26,166207,36829,13023,6993,12113,4883,4266,3128,998,48150,3264,3792,5284,4161,3437,5305,8645,1917,19
22-02-27,163566,35351,13677,6158,11133,4273,4048,3315,921,46801,3380,4092,5963,4216,3413,5383,9247,2167,28
